pid,fork,run,exit,,,
0,0000000000000000,0000000000000000,0000000000000000,,,
1,0000000000000000,00000000D314E2A0,0000000000000000,,,
2,00000000DEF6BEA0,00000000DF70FA40,0000000000000000,,,
3,00000001BB7D06A0,00000001BBFA65A0,00000001BC3A72E0,,,
4,00000001BD6D12E0,00000001BDE42480,000000029D8169E0,,,
5,00000001C0ADC7A0,00000001C1251E60,000000027FE57080,,,
6,00000001C1291120,00000001C1A270C0,0000000295DE74A0,,,
7,00000001C1A62960,00000001C214F1A0,000000028C79FAC0,,,
8,00000001C218BEA0,00000001C284D3C0,000000029B0DD9A0,,,
9,00000001C2890CC0,00000001C2E6FC40,000000029A5D4100,,,
10,00000001C2E763E0,00000001C34F9400,000000027EDFF600,,,
11,00000001C3544560,00000001C50CEDC0,0000000275007AE0,,,
12,00000001C3AA0CA0,00000001C3FABF20,000000029ABC9940,,,
13,00000001C3FC2EC0,00000001C44F0B80,00000002987AF300,,,
14,00000001C44FB3A0,00000001C4A17E80,000000028B1EB1C0,,,
15,00000001C4A651C0,00000001C4FBF760,0000000283081540,,,
16,00000001C4F7A260,00000001C563D420,000000029D208740,,,
17,00000001C5625220,00000001C6071BA0,000000028CC40B20,,,
18,00000001C605A520,00000001C6F95780,000000027594E720,,,
19,00000001C659EE00,00000001C6AEFCE0,0000000298B45F40,,,
20,00000001C6AF88C0,00000001C7247E20,0000000297B02A20,,,
21,00000001C7264260,00000001C781E780,000000029306C9C0,,,
22,00000001C7788CE0,00000001C7D56520,0000000297ED76C0,,,
23,00000001C7CF9400,00000001C834E6C0,000000027F9C7060,,,
24,00000001C822A700,00000001C8827E00,000000028D5A9B20,,,
25,00000001C87A6800,00000001C8EB90A0,0000000275A972C0,,,
26,00000001C8D030C0,00000001C94FEF60,0000000296897540,,,
27,00000001C9428740,00000001C9A1C1E0,00000002884317A0,,,
28,00000001C9966D60,00000001C9F79CA0,00000002980CB640,,,
29,00000001C9EA2580,00000001CA4BEFE0,000000029245B940,,,
30,00000001CA400D60,00000001CAA2D1C0,000000027E588E20,,,
31,00000001CA94B000,00000001CB114320,000000028E0351A0,,,
32,00000001CB0315E0,00000001CCB41280,000000027722EA60,,,
33,00000001CB54BCA0,00000001CBBE8040,0000000293A31360,,,
34,00000001CBA75900,00000001CC0F0D40,00000002978FBAE0,,,
35,00000001CBFC3B40,00000001CC65DB60,0000000299857EC0,,,
36,00000001CC4E05E0,00000001CCB63D80,00000002972A4CC0,,,
37,000000029E826EC0,000000029EFB6500,0000000000000000,,,
38,0000000000000000,0000000000000000,0000000000000000,,,
39,0000000000000000,0000000000000000,0000000000000000,,,
40,0000000000000000,0000000000000000,0000000000000000,,,
41,0000000000000000,0000000000000000,0000000000000000,,,
42,0000000000000000,0000000000000000,0000000000000000,,,
43,0000000000000000,0000000000000000,0000000000000000,,,
44,0000000000000000,0000000000000000,0000000000000000,,,
45,0000000000000000,0000000000000000,0000000000000000,,,
46,0000000000000000,0000000000000000,0000000000000000,,,
47,0000000000000000,0000000000000000,0000000000000000,,,
48,0000000000000000,0000000000000000,0000000000000000,,,
49,0000000000000000,0000000000000000,0000000000000000,,,
50,0000000000000000,0000000000000000,0000000000000000,,,
51,0000000000000000,0000000000000000,0000000000000000,,,
52,0000000000000000,0000000000000000,0000000000000000,,,
53,0000000000000000,0000000000000000,0000000000000000,,,
54,0000000000000000,0000000000000000,0000000000000000,,,
55,0000000000000000,0000000000000000,0000000000000000,,,
56,0000000000000000,0000000000000000,0000000000000000,,,
57,0000000000000000,0000000000000000,0000000000000000,,,
58,0000000000000000,0000000000000000,0000000000000000,,,
59,0000000000000000,0000000000000000,0000000000000000,,,
60,0000000000000000,0000000000000000,0000000000000000,,,
61,0000000000000000,0000000000000000,0000000000000000,,,
62,0000000000000000,0000000000000000,0000000000000000,,,
63,0000000000000000,0000000000000000,0000000000000000,,,
